[{
  "id": 1,
  "gender": "Female",
  "first_name": "Joan",
  "last_name": "Owens",
  "email": "jowens0@un.org"
}, {
  "id": 2,
  "gender": "Female",
  "first_name": "Annie",
  "last_name": "Watkins",
  "email": "awatkins1@indiegogo.com"
}, {
  "id": 3,
  "gender": "Female",
  "first_name": "Sandra",
  "last_name": "Morales",
  "email": "smorales2@archive.org"
}, {
  "id": 4,
  "gender": "Male",
  "first_name": "Paul",
  "last_name": "Ferguson",
  "email": "pferguson3@cloudflare.com"
}, {
  "id": 5,
  "gender": "Male",
  "first_name": "Walter",
  "last_name": "Ross",
  "email": "wross4@arizona.edu"
}, {
  "id": 6,
  "gender": "Female",
  "first_name": "Shirley",
  "last_name": "Simmons",
  "email": "ssimmons5@mozilla.org"
}, {
  "id": 7,
  "gender": "Female",
  "first_name": "Christine",
  "last_name": "Fields",
  "email": "cfields6@sohu.com"
}, {
  "id": 8,
  "gender": "Male",
  "first_name": "Juan",
  "last_name": "Wells",
  "email": "jwells7@hostgator.com"
}, {
  "id": 9,
  "gender": "Male",
  "first_name": "Charles",
  "last_name": "Lewis",
  "email": "clewis8@wikispaces.com"
}, {
  "id": 10,
  "gender": "Female",
  "first_name": "Amanda",
  "last_name": "Burns",
  "email": "aburns9@sogou.com"
}]